country,full_name,club,position,matches,goals
Франция,Bryan George,Олимпик Марсель,защитник,51,16
Германия,Daniel Powell,РБ Лейпциг,защитник,70,11
Аргентина,Kendra Schneider,Ривер Плейт,полузащитник,36,29
Франция,Kelsey Edwards,Лион,вратарь,20,-12
Нидерланды,Crystal Leach,ПСВ,защитник,108,3
Португалия,William Nguyen,Бенфика,защитник,61,7
Франция,Larry Wilson,Лион,нападающий,94,39
Англия,Amber Wilson,Челси,защитник,89,12
Германия,Charles Jackson,РБ Лейпциг,защитник,132,4
Германия,Ashley Cline,РБ Лейпциг,нападающий,27,20
Англия,Steven Stephenson,Ливерпуль,нападающий,54,23
Аргентина,Gina Perkins,Бока Хуниорс,полузащитник,47,27
Португалия,Kathy Mcgee,Порту,защитник,95,0
Франция,Patrick Gamble,ПСЖ,полузащитник,108,18
Франция,Christina Perry,Лион,защитник,9,17
Португалия,Virginia Moore,Бенфика,вратарь,26,-26
Франция,Javier Mosley,Олимпик Марсель,вратарь,78,-3
Италия,Amber Robinson,Милан,полузащитник,6,14
Германия,Jermaine Douglas,Бавария,защитник,114,10
Англия,Jeffrey Carr,Манчестер Юнайтед,защитник,28,12
Италия,Jillian Mendoza,Ювентус,нападающий,110,28
Португалия,Patricia Watson,Бенфика,нападающий,145,21
Россия,Nathan Wall,Локомотив,нападающий,10,27
Бразилия,Stephanie Ross,Палмейрас,полузащитник,76,10
Аргентина,Tonya Green,Бока Хуниорс,нападающий,88,16
Бразилия,Michael Ellis,Сантос,нападающий,55,29
Германия,Paul Alexander,РБ Лейпциг,защитник,52,17
Аргентина,Jason Stewart,Ривер Плейт,полузащитник,80,25
Нидерланды,Elizabeth Alvarez,Фейеноорд,защитник,74,18
Нидерланды,Michelle Gonzalez,Фейеноорд,нападающий,118,48
Португалия,Andrew Thomas,Спортинг,нападающий,4,23
Германия,James Welch,Боруссия Дортмунд,защитник,111,7
Россия,Dana Burns,Локомотив,защитник,35,12
Россия,Jared Benjamin,Локомотив,защитник,42,2
Бразилия,Jennifer Nelson,Фламенго,защитник,97,20
Германия,Christina Garcia,Бавария,вратарь,76,-27
Англия,Jeffrey Maldonado,Ливерпуль,защитник,127,0
Нидерланды,Lisa King,Аякс,нападающий,148,17
Нидерланды,Kyle Walton,Аякс,защитник,135,20
Португалия,Jonathan Wu,Бенфика,полузащитник,95,12
Англия,Hannah Clark,Ливерпуль,защитник,98,20
Франция,Seth Campbell,Лион,нападающий,33,29
Нидерланды,John Cervantes,Фейеноорд,полузащитник,147,15
Нидерланды,Douglas Martin,Фейеноорд,защитник,100,17
Испания,Mr. Benjamin Cline,Барселона,полузащитник,47,5
Нидерланды,Joshua Davidson,Фейеноорд,защитник,70,1
Португалия,Aaron Johnson,Бенфика,полузащитник,136,24
Германия,Lauren Rose,Бавария,защитник,15,7
Германия,Daniel Davis,Боруссия Дортмунд,полузащитник,112,24
Испания,Mr. Robert Robinson,Атлетико Мадрид,защитник,2,13
Нидерланды,Kristi Richards,ПСВ,защитник,74,1
Нидерланды,Amy Bates,Фейеноорд,полузащитник,126,20
Россия,Brandy Webb,Краснодар,защитник,11,12
Испания,Jennifer Hall,Атлетико Мадрид,вратарь,58,-17
Бразилия,Samuel Kline,Коринтианс,нападающий,60,32
Германия,Tara Gibbs,Боруссия Дортмунд,защитник,127,17
Германия,Dakota Massey,Бавария,защитник,107,6
Англия,Amy Glass,Ливерпуль,нападающий,36,48
Англия,Travis Hanson,Ливерпуль,защитник,61,17
Англия,Randy Davenport,Манчестер Юнайтед,защитник,28,20
Нидерланды,John Hall,Фейеноорд,полузащитник,127,5
Португалия,Nancy Miller,Спортинг,защитник,142,16
Россия,Paul Reyes,Локомотив,защитник,99,2
Нидерланды,Timothy Cooper,ПСВ,защитник,25,8
Италия,Lisa Ellis,Ювентус,защитник,94,2
Германия,Stephanie Marks,Бавария,полузащитник,106,23
Испания,Felicia Murphy,Реал Мадрид,нападающий,56,13
Франция,Colton Osborn,Лион,защитник,8,6
Франция,Robert Abbott,Олимпик Марсель,вратарь,123,-46
Нидерланды,Allen Rodriguez,Аякс,полузащитник,107,12
Португалия,Jeffrey West,Бенфика,защитник,58,1
Германия,Kristi Brown,Боруссия Дортмунд,защитник,48,2
Англия,Jerry Ortega,Челси,полузащитник,47,25
Россия,Marc Simpson,Спартак,вратарь,132,0
Португалия,Kimberly Jimenez,Бенфика,нападающий,134,45
Англия,Amy Barker,Ливерпуль,защитник,114,17
Бразилия,Mr. David Adkins Jr.,Фламенго,защитник,68,17
Португалия,Jacob Le,Спортинг,нападающий,39,32
Италия,Lisa Adams,Интер,нападающий,4,37
Англия,Christine Hoffman DDS,Челси,нападающий,44,16
Нидерланды,Anne Young,ПСВ,полузащитник,40,15
Англия,Sierra Davis,Манчестер Юнайтед,нападающий,13,32
Бразилия,Alice Mcconnell,Фламенго,защитник,64,17
Португалия,Joseph Zimmerman,Бенфика,защитник,38,12
Россия,Gregory Flores MD,Локомотив,полузащитник,17,16
Англия,Michael Carlson,Челси,нападающий,124,49
Бразилия,Daniel Schwartz,Сантос,защитник,54,4
Германия,Christopher Wright,Бавария,полузащитник,80,14
Бразилия,Shannon Short,Фламенго,полузащитник,54,6
Германия,Kirk Scott,РБ Лейпциг,полузащитник,8,18
Франция,Amy Lewis,ПСЖ,нападающий,31,20
Россия,Steven Mccormick,Локомотив,полузащитник,46,26
Аргентина,Denise Richardson,Ривер Плейт,защитник,110,20
Португалия,Matthew Valentine,Спортинг,полузащитник,43,9
Италия,Veronica Preston,Ювентус,защитник,36,0
Бразилия,Rebecca Clark,Коринтианс,защитник,106,13
Испания,Kelsey Patel,Барселона,полузащитник,51,22
Италия,Victor Gomez,Милан,полузащитник,89,29
Бразилия,Marcus West,Сантос,полузащитник,18,7
Италия,Chris Thomas,Милан,полузащитник,126,28
Испания,Sean Dickson,Атлетико Мадрид,нападающий,100,22
Испания,Kyle Harmon,Реал Мадрид,защитник,40,9
Испания,Suzanne Wheeler,Барселона,нападающий,92,14
Испания,Curtis Young,Барселона,защитник,63,3
Англия,Tyler Young,Манчестер Юнайтед,полузащитник,78,20
Англия,Curtis Phillips,Челси,нападающий,46,41
Португалия,Tiffany Rivera,Бенфика,нападающий,126,19
Франция,Elizabeth Hutchinson,Олимпик Марсель,нападающий,128,20
Италия,Timothy Hurst,Интер,полузащитник,4,27
Германия,Daniel Marks,РБ Лейпциг,защитник,12,18
Россия,Diana Baird,Локомотив,вратарь,115,-21
Франция,David Galloway,Олимпик Марсель,вратарь,116,-25
Португалия,Charles Andrade,Бенфика,защитник,5,5
Аргентина,Emily Levy,Бока Хуниорс,полузащитник,14,5
Германия,Steven Le,Боруссия Дортмунд,защитник,91,20
Бразилия,Matthew Ewing,Коринтианс,полузащитник,72,27
Россия,Maurice Rodriguez Jr.,Спартак,нападающий,25,29
Нидерланды,Carrie Gibbs,Аякс,защитник,100,8
Англия,Janet Cruz,Ливерпуль,полузащитник,41,20
Россия,Thomas Esparza,Локомотив,вратарь,141,-34
Нидерланды,Eric Hawkins,Аякс,полузащитник,13,21
Бразилия,Laura Oliver,Фламенго,нападающий,16,19
Португалия,Sandra Smith,Спортинг,полузащитник,90,16
Нидерланды,Brent Johnson,Аякс,полузащитник,66,20
Нидерланды,Curtis French,Фейеноорд,нападающий,69,23
Нидерланды,Tammy Scott,Аякс,полузащитник,75,13
Россия,Jose Alvarez,Зенит,нападающий,122,20
Аргентина,Daniel May,Ривер Плейт,защитник,145,13
Германия,Sherry Blevins,РБ Лейпциг,защитник,21,12
Португалия,John Hicks,Спортинг,полузащитник,96,16
Португалия,Dr. Paul Butler,Спортинг,полузащитник,54,17
Нидерланды,Nicholas Stokes,ПСВ,полузащитник,24,21
Аргентина,Jessica Griffith,Бока Хуниорс,нападающий,129,21
Испания,Joshua Miller,Реал Мадрид,нападающий,6,49
Португалия,Janet Sosa,Бенфика,защитник,71,14
Португалия,Teresa Wolf,Бенфика,нападающий,138,31
Нидерланды,Madison Bates,Фейеноорд,вратарь,127,-16
Германия,Mallory Robinson,Боруссия Дортмунд,защитник,59,17
Россия,Heather Hernandez,ЦСКА,нападающий,21,17
Португалия,Jane Clark,Спортинг,полузащитник,135,13
Бразилия,Rachel Hines,Сантос,защитник,87,20
Россия,Randy Smith,Краснодар,вратарь,20,-43
Аргентина,Timothy Thomas,Бока Хуниорс,нападающий,91,41
Бразилия,Joseph Robinson,Палмейрас,вратарь,53,-20
Италия,James Hutchinson,Милан,полузащитник,124,17
Нидерланды,Sheila Lane,Аякс,нападающий,127,20
Англия,Charles Espinoza,Манчестер Юнайтед,нападающий,104,33
Англия,Sean Berry,Челси,нападающий,139,12
Аргентина,Dr. Duane Bates,Бока Хуниорс,защитник,45,19
Россия,Joshua Kelley,Зенит,полузащитник,101,17
Франция,Dean Gray,Олимпик Марсель,защитник,91,5
Испания,Mary Fry,Барселона,полузащитник,141,16
Аргентина,Sharon Aguilar,Ривер Плейт,защитник,13,6
Франция,Bradley Ramirez,Лион,защитник,133,20
Франция,Manuel Barnes,ПСЖ,защитник,21,3
Аргентина,Jay Bowers,Ривер Плейт,защитник,138,0
Франция,Linda Davis,Олимпик Марсель,вратарь,24,-7
Аргентина,Kerry Thompson,Ривер Плейт,защитник,88,19
Англия,Tony Burns,Челси,полузащитник,21,19
Италия,Jeffrey Moore,Ювентус,полузащитник,111,12
Англия,Jason Dunn,Челси,полузащитник,21,24
Россия,Kathleen Williams,ЦСКА,полузащитник,45,10
Франция,Morgan Wright,Лион,нападающий,43,10
Италия,Krista Osborne,Милан,защитник,57,5
Испания,Richard Walker,Атлетико Мадрид,вратарь,62,-35
Италия,Peter Crawford,Интер,нападающий,88,49
Франция,Dean Fisher,Олимпик Марсель,защитник,14,12
Нидерланды,Sierra George,ПСВ,вратарь,129,-31
Аргентина,Joseph Odom,Бока Хуниорс,защитник,110,19
Аргентина,Devin Davis,Ривер Плейт,защитник,117,12
Бразилия,Keith Oliver,Сантос,защитник,108,16
Бразилия,Amber Ramirez,Коринтианс,вратарь,130,-37
Португалия,Jared Ray,Бенфика,полузащитник,146,12
Бразилия,Robert Lawrence,Коринтианс,вратарь,108,-41
Бразилия,Andrew Smith,Палмейрас,защитник,51,17
Россия,David Long,Локомотив,нападающий,145,35
Германия,Christian Murray,Бавария,полузащитник,1,7
Италия,Gregory Elliott,Ювентус,защитник,23,18
Испания,Stephanie Bailey,Реал Мадрид,нападающий,10,12
Англия,Cynthia Suarez,Челси,защитник,77,7
Аргентина,Rebecca Sullivan DDS,Ривер Плейт,вратарь,92,-47
Франция,Mariah Mann,Лион,нападающий,60,33
Аргентина,Heather Holland,Ривер Плейт,полузащитник,81,8
Нидерланды,Emily Charles,Фейеноорд,защитник,125,19
Франция,Mrs. Kimberly Gonzalez,Лион,защитник,133,9
Италия,Yesenia Edwards,Ювентус,вратарь,85,-18
Аргентина,Shannon Thomas MD,Ривер Плейт,защитник,113,10
Нидерланды,Benjamin Nielsen,Аякс,нападающий,44,31
Нидерланды,Patricia Nunez,ПСВ,вратарь,41,-16
Франция,Mrs. Madison Martin MD,Олимпик Марсель,защитник,1,5
Германия,John Clark,РБ Лейпциг,полузащитник,50,8
Германия,Alexandra Williams,Бавария,нападающий,102,45
Бразилия,Mary Page,Палмейрас,защитник,95,8
Нидерланды,Dennis Shepard,Фейеноорд,нападающий,28,21
Россия,David Jensen,ЦСКА,нападающий,2,34
Испания,Victoria Brown,Барселона,полузащитник,97,23
Франция,Timothy Hancock,Лион,защитник,98,20
Испания,Heather Campbell,Атлетико Мадрид,полузащитник,105,28
Англия,Adam Shaw,Челси,нападающий,139,49
Нидерланды,Reginald Murphy,Аякс,защитник,11,10
Нидерланды,Sharon Arnold,Фейеноорд,защитник,80,15
Англия,Thomas Smith,Челси,защитник,74,5
Португалия,Hannah Graham,Бенфика,нападающий,32,20
Бразилия,Richard Stephens,Коринтианс,нападающий,55,45
Португалия,Jennifer Durham,Порту,защитник,42,10
Франция,Jason Mejia,Олимпик Марсель,полузащитник,130,22
Германия,Victoria Hubbard,Боруссия Дортмунд,нападающий,123,47
Англия,Matthew Mitchell,Манчестер Юнайтед,полузащитник,76,12
Бразилия,Joshua Hernandez,Фламенго,полузащитник,64,20
Франция,Michelle Ward,Лион,полузащитник,98,28
Португалия,Thomas Abbott,Спортинг,вратарь,14,-30
Франция,Pamela Patel,ПСЖ,нападающий,132,30
Россия,Christopher Hendricks,Краснодар,защитник,44,11
Испания,Brian Johnson,Атлетико Мадрид,полузащитник,61,11
Россия,Brandon Horn,Локомотив,нападающий,65,44
Аргентина,Antonio Ramirez,Ривер Плейт,полузащитник,71,5
Аргентина,Seth Rivera,Ривер Плейт,нападающий,8,40
Бразилия,Barbara Rodriguez,Фламенго,полузащитник,148,11
Нидерланды,Emily Lee,ПСВ,нападающий,41,23
Германия,Margaret Woods,Бавария,полузащитник,28,21
Россия,Samantha Dunn,ЦСКА,полузащитник,89,23
Германия,Jeffrey Price Jr.,РБ Лейпциг,защитник,9,7
Италия,Sandra Thomas,Милан,защитник,56,4
Германия,Jacob Beard,Боруссия Дортмунд,защитник,3,5
Германия,Joshua Espinoza,РБ Лейпциг,нападающий,1,25
Россия,Robert Benjamin,Спартак,вратарь,143,-5
Франция,Aaron Young,Лион,полузащитник,126,13
Франция,Luis Lopez,Лион,нападающий,8,27
Испания,Patricia Calhoun,Атлетико Мадрид,защитник,51,1
Аргентина,Amy Park,Бока Хуниорс,нападающий,114,39
Англия,Belinda Jackson,Ливерпуль,вратарь,30,-9
Франция,Carlos Smith,ПСЖ,защитник,29,20
Аргентина,Kimberly Friedman,Ривер Плейт,полузащитник,126,15
Португалия,Michelle Ingram,Спортинг,нападающий,53,26
Италия,Samuel Mcintosh,Интер,защитник,96,1
Испания,Christopher Morris,Атлетико Мадрид,нападающий,96,40
Россия,Jeffrey White,Зенит,защитник,2,8
Англия,Mark Leach,Челси,защитник,44,20
Италия,Michael Valencia,Ювентус,защитник,37,18
Англия,Nicole Carpenter,Манчестер Юнайтед,полузащитник,134,6
Нидерланды,Nancy Hopkins,ПСВ,нападающий,108,13
Аргентина,Christina Kelley,Бока Хуниорс,полузащитник,70,28
Португалия,James Owens,Порту,полузащитник,35,18
Бразилия,Mitchell Jackson,Коринтианс,нападающий,21,16
Франция,Chris Zhang,Олимпик Марсель,защитник,24,10
Нидерланды,Cody Mckee,Фейеноорд,нападающий,87,12
Португалия,Jesse Reid,Спортинг,полузащитник,33,15
Португалия,Michael Jimenez,Спортинг,полузащитник,117,14
Нидерланды,Deanna Patterson,Аякс,полузащитник,137,18
Испания,Jessica Elliott,Реал Мадрид,полузащитник,63,20
Англия,Leslie Hughes,Манчестер Юнайтед,защитник,35,16
Аргентина,Michael Norris,Бока Хуниорс,нападающий,4,45
Франция,Robert Moore,Олимпик Марсель,защитник,144,3
Франция,Michele Steele,ПСЖ,защитник,61,14
Португалия,Allison Clark,Бенфика,нападающий,91,10
Англия,Annette Williams,Ливерпуль,полузащитник,42,23
Россия,Jared Cisneros DDS,Краснодар,полузащитник,148,29
Франция,Heather Diaz,ПСЖ,полузащитник,28,23
Италия,Amanda Garrett,Милан,нападающий,50,10
Франция,Kelly Singh,Лион,полузащитник,12,5
Аргентина,Rebecca Gray,Ривер Плейт,защитник,37,15
Англия,Leslie Morgan,Манчестер Юнайтед,нападающий,88,31
Аргентина,Linda Hernandez,Ривер Плейт,нападающий,106,37
Германия,Carolyn Wilson,Боруссия Дортмунд,защитник,40,1
Аргентина,Sara Campbell,Ривер Плейт,защитник,145,13
Англия,Samuel Hernandez,Ливерпуль,нападающий,59,37
Нидерланды,James Patterson,Фейеноорд,нападающий,138,27
Аргентина,Vanessa Bright,Ривер Плейт,полузащитник,83,11
Германия,Roy Johnson,РБ Лейпциг,полузащитник,136,18
Германия,Brian Thompson,РБ Лейпциг,нападающий,53,16
Бразилия,Jennifer Oneal,Сантос,нападающий,39,32
Испания,Kimberly Chavez,Реал Мадрид,вратарь,88,-25
Испания,Brittany Johnston,Реал Мадрид,полузащитник,39,27
Нидерланды,Daniel Morgan,Фейеноорд,полузащитник,127,21
Португалия,Mrs. Shannon Gill,Порту,защитник,58,15
Аргентина,Sydney White,Ривер Плейт,полузащитник,1,9
Португалия,Peter Cross,Порту,нападающий,81,28
Испания,Amanda Jackson,Реал Мадрид,полузащитник,84,7
Франция,Samuel Hall,Олимпик Марсель,защитник,84,19
Россия,Jacob Potter,Зенит,нападающий,139,16
Испания,Rodney Cisneros,Атлетико Мадрид,защитник,59,15
Бразилия,Karen Lawson,Палмейрас,нападающий,86,23
Франция,Stefanie Winters,ПСЖ,защитник,113,18
Испания,Robert Taylor,Барселона,нападающий,27,36
Франция,Christian Gordon,Лион,полузащитник,77,6
Испания,Heather Quinn,Барселона,нападающий,58,13
Испания,Dr. Lisa Sherman DDS,Барселона,полузащитник,43,26
Аргентина,Harold Lopez,Ривер Плейт,защитник,49,3
Германия,Mark Wagner,Боруссия Дортмунд,полузащитник,49,13
Аргентина,Hannah Hopkins,Ривер Плейт,нападающий,104,48
Германия,Rebecca Lopez,Бавария,защитник,15,3
Англия,Joshua Blake,Челси,полузащитник,57,24
Аргентина,Bonnie Brooks,Бока Хуниорс,вратарь,54,-42
Бразилия,Ashley Fuller,Коринтианс,нападающий,61,49
Нидерланды,Jackie Mcguire,Аякс,защитник,33,4
Нидерланды,Chad Schwartz,Фейеноорд,полузащитник,69,6
Франция,Loretta Johnson,Лион,защитник,77,15
Франция,Adam Wright,Лион,защитник,130,5
Нидерланды,Amanda Nichols,Аякс,нападающий,90,40
Португалия,Rebecca Spears,Бенфика,полузащитник,91,20
Россия,James English,Локомотив,нападающий,88,26
Испания,Daisy Williams,Реал Мадрид,полузащитник,53,25
Бразилия,Selena Lee,Сантос,защитник,85,1
Россия,Kyle Cruz,Зенит,вратарь,129,-14
Англия,Joshua Garcia,Ливерпуль,нападающий,29,47
Италия,Christopher Smith,Милан,нападающий,80,43
Германия,Jamie Hernandez,Бавария,защитник,33,12
Италия,Dwayne Brown,Ювентус,нападающий,1,29
Нидерланды,Jacob Fernandez,ПСВ,защитник,39,19
Германия,Susan Sosa,РБ Лейпциг,защитник,74,17
Аргентина,Stephen Morrow,Бока Хуниорс,нападающий,14,41
Португалия,Brianna Franklin,Спортинг,полузащитник,5,25
Португалия,Mary Lopez,Спортинг,нападающий,73,28
Италия,Dominique Payne,Интер,нападающий,50,47
Нидерланды,Mrs. Cheryl Martin,Аякс,нападающий,86,26
Россия,Phillip Beltran,Спартак,полузащитник,91,30
Россия,Krista Howell,Краснодар,нападающий,125,35
Испания,Sonya Phillips,Реал Мадрид,защитник,80,5
Испания,Karen Stevenson,Атлетико Мадрид,нападающий,73,13
Аргентина,Elizabeth Schultz,Ривер Плейт,полузащитник,57,29
Англия,Albert Manning,Челси,нападающий,31,20
Нидерланды,Robert Burns,ПСВ,нападающий,43,27
Франция,Dr. Randy Gonzalez DVM,Олимпик Марсель,защитник,106,0
Португалия,Bridget Crane,Порту,полузащитник,11,23
Италия,Ivan Rose,Милан,вратарь,113,-33
Нидерланды,Jennifer Williams,Фейеноорд,вратарь,60,-47
Испания,Kelly Chan,Барселона,полузащитник,11,19
Англия,John Simmons,Манчестер Юнайтед,нападающий,3,40
Италия,Stephanie Patterson,Интер,нападающий,66,50
Португалия,Jamie Rios,Спортинг,нападающий,20,15
Испания,Sabrina Hawkins,Атлетико Мадрид,нападающий,15,49
Бразилия,John Harris,Фламенго,защитник,34,17
Нидерланды,Patricia Rivera,Фейеноорд,полузащитник,47,29
Германия,Selena Short,Боруссия Дортмунд,защитник,48,4
Испания,Robert Smith,Реал Мадрид,полузащитник,15,16
Англия,Dr. Kathleen Barnett,Ливерпуль,полузащитник,137,20
Англия,Julie Gaines,Челси,нападающий,16,42
Россия,Stephanie Palmer,ЦСКА,защитник,133,17
Испания,Stephanie Wells,Реал Мадрид,нападающий,49,30
Аргентина,Lindsay Jones,Ривер Плейт,полузащитник,141,26
Нидерланды,William Eaton,Аякс,защитник,50,20
Бразилия,Jordan Hubbard,Сантос,полузащитник,100,30
Франция,Erika Bradford,ПСЖ,нападающий,4,28
Россия,Christina Welch,Спартак,нападающий,26,44
Португалия,David Waters,Порту,защитник,26,9
Аргентина,Steven Stone,Бока Хуниорс,защитник,89,1
Франция,Kristen Rogers,Олимпик Марсель,полузащитник,109,5
Франция,Peggy Figueroa,ПСЖ,нападающий,41,10
Бразилия,Peter Pittman,Палмейрас,полузащитник,94,13
Франция,Kelsey Mendez,ПСЖ,нападающий,24,36
Нидерланды,Kenneth Summers,Аякс,нападающий,80,25
Италия,Keith Smith,Интер,нападающий,119,39
Нидерланды,Caroline Mcconnell,Фейеноорд,полузащитник,49,17
Англия,Kara Hutchinson,Манчестер Юнайтед,нападающий,34,10
Франция,Lawrence Myers,ПСЖ,полузащитник,33,30
Аргентина,Tina Coffey,Ривер Плейт,вратарь,24,-33
Испания,Daniel Phillips,Реал Мадрид,защитник,28,7
Нидерланды,Jack Herrera,ПСВ,нападающий,150,17
Португалия,Adam Pierce,Порту,нападающий,59,18
Португалия,Sierra Schroeder,Бенфика,защитник,48,17
Испания,Patricia Kennedy,Реал Мадрид,нападающий,37,50
Бразилия,Susan Castaneda,Коринтианс,полузащитник,81,16
Италия,Damon Williams,Интер,полузащитник,127,22
Аргентина,Diana Perry,Ривер Плейт,нападающий,116,30
Германия,Raymond Ray,Бавария,нападающий,104,43
Испания,Matthew Byrd,Атлетико Мадрид,полузащитник,22,8
Бразилия,Shannon Hill,Сантос,защитник,64,2
Италия,Jamie Osborne,Милан,нападающий,41,50
Португалия,Francisco Figueroa,Спортинг,защитник,42,5
Россия,Melissa Williams,Краснодар,полузащитник,123,11
Италия,Joshua Lewis,Милан,полузащитник,129,11
Германия,Joshua Baker,РБ Лейпциг,защитник,12,6
Германия,Amy Mccoy,РБ Лейпциг,полузащитник,87,17
Германия,Juan Wong,Боруссия Дортмунд,нападающий,124,27
Испания,Mia Rodriguez,Атлетико Мадрид,вратарь,147,-8
Франция,Cynthia Aguilar,Олимпик Марсель,защитник,114,11
Испания,Anthony Ward,Реал Мадрид,полузащитник,117,28
Испания,Bradley Roberts,Барселона,вратарь,29,-43
Италия,Thomas Mccormick,Интер,вратарь,65,-3
Бразилия,Christopher Glover,Фламенго,нападающий,27,34
Аргентина,Anna Adams,Бока Хуниорс,нападающий,103,18
Бразилия,Amy Ruiz,Коринтианс,нападающий,58,33
Португалия,Gabrielle Garcia,Бенфика,нападающий,89,27
Италия,Natalie Brown,Милан,защитник,33,4
Англия,Tara Miller,Ливерпуль,нападающий,25,44
Германия,Alejandra Miller,Бавария,нападающий,80,21
Франция,Keith Daniel,Лион,защитник,65,18
Аргентина,Rhonda Daniels,Ривер Плейт,защитник,84,16
Англия,Gloria Nichols,Челси,нападающий,72,31
Италия,Tim Johnson,Интер,нападающий,142,15
Бразилия,Jean Taylor,Палмейрас,защитник,11,19
Аргентина,Miss Jamie Morales MD,Ривер Плейт,нападающий,150,44
Бразилия,Michele Murray,Сантос,вратарь,82,-19
Бразилия,Edgar Daniel,Сантос,вратарь,140,-8
Португалия,Jason Mathews,Бенфика,полузащитник,49,24
Франция,Deborah Diaz,Олимпик Марсель,нападающий,111,20
Испания,Crystal Burns,Барселона,защитник,133,19
Испания,Jonathan Smith,Барселона,полузащитник,64,20
Россия,Mr. Eric Miller,Краснодар,нападающий,72,16
Бразилия,Jennifer Jones,Палмейрас,полузащитник,96,11
Россия,Marc Hoffman,Зенит,нападающий,49,19
Португалия,Ashley Anderson,Порту,защитник,150,5
Италия,Abigail Stark,Ювентус,защитник,61,15
Италия,Peter Carlson,Интер,защитник,88,18
Англия,Allen White,Манчестер Юнайтед,защитник,136,16
Германия,Shawn Marquez,Бавария,нападающий,136,43
Португалия,Robin Bradley,Спортинг,защитник,99,20
Аргентина,Michael Castro,Бока Хуниорс,защитник,41,19
Франция,Ryan Walker,ПСЖ,защитник,42,9
Англия,Nicole Garcia,Ливерпуль,вратарь,79,-17
Испания,Lindsay Cabrera,Барселона,защитник,139,19
Бразилия,Seth Mora,Фламенго,защитник,72,12
Португалия,Jennifer Adams,Порту,вратарь,81,-16
Франция,Erin Miller,Лион,полузащитник,126,29
Россия,Pamela Willis,Краснодар,полузащитник,133,27
Германия,Eric Lee,РБ Лейпциг,нападающий,45,49
Италия,Zoe Murray,Ювентус,защитник,133,17
Италия,Dr. Michaela Smith MD,Интер,защитник,131,8
Нидерланды,Michael Randall,Фейеноорд,полузащитник,77,20
Нидерланды,James Klein,Аякс,вратарь,110,-4
Англия,Heidi Ward,Ливерпуль,нападающий,138,41
Италия,Kevin Mccullough,Интер,полузащитник,97,9
Бразилия,Robert Rodriguez,Палмейрас,полузащитник,77,15
Германия,Amber Ramos,Бавария,защитник,111,4
Аргентина,Caroline Robinson,Ривер Плейт,нападающий,26,15
Англия,Jonathan Ochoa,Челси,вратарь,72,-25
Нидерланды,Charles Golden,Фейеноорд,нападающий,142,12
Нидерланды,Matthew Brown,ПСВ,защитник,16,11
Франция,Jesus Sutton,ПСЖ,защитник,14,4
Англия,Melanie Johnson,Ливерпуль,полузащитник,124,13
Италия,Melissa Brown,Милан,защитник,148,8
Франция,Christopher Allen,Лион,нападающий,97,35
Франция,Tamara Wright,ПСЖ,нападающий,73,38
Германия,Keith Cooper,Бавария,защитник,69,8
Англия,Daniel Joyce,Челси,защитник,92,13
Испания,Christopher Nichols,Реал Мадрид,защитник,101,10
Португалия,Amy Gonzalez,Бенфика,защитник,57,6
Нидерланды,Brian Thomas,ПСВ,защитник,2,19
Германия,Robert Pierce,Бавария,нападающий,7,28
Аргентина,Sylvia Richmond,Ривер Плейт,полузащитник,59,6
Германия,Clayton Reese,Бавария,нападающий,48,15
Италия,Thomas Acevedo,Милан,полузащитник,113,17
Бразилия,Paul Johnson,Коринтианс,защитник,21,14
Франция,Robert Warren,Лион,защитник,81,11
Россия,Monica Hoffman,ЦСКА,нападающий,16,19
Германия,Emily Rodriguez,Бавария,полузащитник,23,23
Франция,Angela Jones,ПСЖ,защитник,22,10
Франция,Devin Cortez,ПСЖ,нападающий,20,21
Италия,Wesley Hudson,Милан,защитник,103,7
Аргентина,Erica Andrade,Ривер Плейт,нападающий,141,50
Испания,Sandra Davis,Барселона,полузащитник,28,13
Франция,Daniel Chapman,Лион,полузащитник,102,22
Аргентина,Matthew Mitchell,Бока Хуниорс,защитник,47,14
Англия,Anne Rangel,Манчестер Юнайтед,полузащитник,6,14
Нидерланды,John Clark,Фейеноорд,нападающий,54,41
Франция,Michelle Tucker,ПСЖ,защитник,21,8
Россия,Joshua Shepard,Зенит,вратарь,75,-46
Португалия,David Smith,Порту,защитник,133,18
Италия,Brian Levy,Милан,нападающий,77,20
Германия,Arthur Sims,Бавария,полузащитник,32,21
Англия,Andrea Cross,Ливерпуль,защитник,71,15
Аргентина,Lynn Mcdaniel,Ривер Плейт,защитник,30,4
Аргентина,Tiffany Reeves,Ривер Плейт,защитник,139,17
Англия,Bryan Marquez,Манчестер Юнайтед,нападающий,148,46
Франция,Steven Obrien,ПСЖ,нападающий,69,17
Франция,Rebecca Daniels,Лион,защитник,53,12
Англия,Rebecca Coleman,Манчестер Юнайтед,полузащитник,48,9
Бразилия,Paula Shaw,Фламенго,полузащитник,150,13
Франция,Holly Alvarez,ПСЖ,защитник,91,8
Испания,Eric Simmons,Реал Мадрид,нападающий,115,47
Нидерланды,Jennifer Moon,ПСВ,нападающий,93,41
Нидерланды,Melissa Murray,Аякс,защитник,51,8
Италия,Brenda Mccoy,Интер,вратарь,17,-17
Италия,Victoria Willis,Ювентус,полузащитник,100,22
Россия,Wendy Campbell,Краснодар,нападающий,70,41
Аргентина,Darren Montgomery,Ривер Плейт,нападающий,36,45
Аргентина,Brian Walker,Ривер Плейт,защитник,22,6
Нидерланды,Eric Hamilton,Фейеноорд,нападающий,80,14
Португалия,Diane Diaz,Бенфика,защитник,131,13
Бразилия,Joseph Parker,Палмейрас,нападающий,80,39
Испания,David Gibson,Атлетико Мадрид,защитник,145,4
Португалия,Mrs. Joanne Jones,Бенфика,полузащитник,84,22
Бразилия,Patrick Burke,Фламенго,вратарь,55,-22
Франция,Michelle Russell,Лион,нападающий,93,19
Нидерланды,Dr. Brenda Myers,Фейеноорд,полузащитник,85,20
Германия,Gina Martin,РБ Лейпциг,вратарь,104,-12
Аргентина,Rebekah Davis,Бока Хуниорс,полузащитник,107,20
Россия,Joseph Casey,Спартак,вратарь,82,0
Германия,Tammy Cruz,РБ Лейпциг,полузащитник,19,5
Италия,Rachel Osborne,Ювентус,полузащитник,67,10
Италия,Aaron Collins,Ювентус,защитник,89,14
Франция,James Kelley,ПСЖ,защитник,64,1
Франция,Diane Miller,Лион,защитник,42,17
Испания,Candace Rice,Барселона,защитник,139,11
Англия,Terri Cook,Манчестер Юнайтед,полузащитник,130,11
Аргентина,Brandi Chavez,Ривер Плейт,нападающий,98,37
Нидерланды,Tyler Robertson,ПСВ,полузащитник,68,12
Франция,Kyle Flores,ПСЖ,защитник,11,10
Россия,Bruce Thompson,Локомотив,защитник,39,14
Германия,Brenda Faulkner,Бавария,вратарь,116,-17
Испания,Stephen Miller,Реал Мадрид,вратарь,143,-26
Германия,Margaret Tran,Боруссия Дортмунд,вратарь,94,-35
Россия,Gail Reese,Спартак,защитник,22,18
Португалия,Sylvia Wolf,Порту,защитник,40,6
Италия,Brittany Lowe,Интер,нападающий,104,15
Франция,Patricia Figueroa,Лион,нападающий,71,46
Португалия,Jennifer Patterson,Бенфика,нападающий,82,17
Франция,Elizabeth Keller,Олимпик Марсель,нападающий,8,25
Италия,Beth Walker,Ювентус,полузащитник,136,17
Англия,Megan Moody,Манчестер Юнайтед,нападающий,100,13
Франция,Corey Lewis,Олимпик Марсель,нападающий,80,15
Бразилия,Jonathan Wilson,Коринтианс,нападающий,61,32
Нидерланды,Ashley Barajas DDS,ПСВ,нападающий,133,15
Испания,Angela Reyes,Реал Мадрид,полузащитник,18,23
Италия,Blake Meyer,Милан,вратарь,118,-42
Бразилия,Sean Berg,Сантос,нападающий,147,45
Бразилия,Deborah Hamilton,Палмейрас,защитник,100,18
Россия,Brianna Marsh,Краснодар,полузащитник,102,13
Нидерланды,Sonya Knapp,Фейеноорд,защитник,114,18
Англия,David Robinson,Ливерпуль,нападающий,67,23
Россия,Amber Ward,ЦСКА,полузащитник,83,25
Франция,Brian Singh,Лион,нападающий,69,18
Германия,Angela Lawrence,Боруссия Дортмунд,защитник,29,0
Испания,Kathleen Daniels,Атлетико Мадрид,нападающий,100,15
Италия,Angela Tran,Ювентус,защитник,80,9
Испания,Gloria Young,Барселона,нападающий,3,20
Нидерланды,Joshua Davidson,ПСВ,защитник,29,18
Россия,Chad Saunders,Локомотив,полузащитник,105,19
Италия,Travis Garcia,Милан,нападающий,114,11
Англия,Tony Williamson,Ливерпуль,вратарь,146,-30
Аргентина,Johnny Nguyen,Бока Хуниорс,защитник,141,14
Аргентина,Brittney Shaw,Ривер Плейт,защитник,2,15
Италия,Brian Edwards,Милан,нападающий,46,32
Нидерланды,Kimberly Hill,Аякс,нападающий,99,28
Аргентина,Marcus Long,Ривер Плейт,нападающий,7,34
Англия,Kelly Cowan,Манчестер Юнайтед,нападающий,34,13
Франция,Kimberly Schmidt,Олимпик Марсель,вратарь,70,-6
Россия,Kevin Cain,ЦСКА,нападающий,97,21
Германия,Melanie Murphy,РБ Лейпциг,защитник,81,0
Италия,Erik West,Интер,нападающий,39,11
Франция,Joanne Gray,ПСЖ,нападающий,128,25
Португалия,Ashley Perez,Порту,вратарь,84,-50
Англия,Lindsey Potter,Ливерпуль,защитник,58,8
Аргентина,Robert Garcia,Ривер Плейт,защитник,105,16
Бразилия,Gary Brewer,Коринтианс,защитник,149,8
Бразилия,James Evans,Палмейрас,нападающий,20,41
Бразилия,Linda Lewis,Коринтианс,полузащитник,76,28
Англия,Joan Ortiz,Челси,нападающий,26,12
Франция,Peter Wright,ПСЖ,нападающий,81,22
Италия,Jeanne Lowe,Милан,нападающий,133,32
Португалия,Willie Jackson,Порту,нападающий,39,12
Испания,Jeremiah Thompson,Атлетико Мадрид,вратарь,80,-49
Германия,Timothy Mayer,Боруссия Дортмунд,полузащитник,17,17
Аргентина,Richard Lambert,Ривер Плейт,защитник,97,15
Бразилия,Sydney Smith,Палмейрас,полузащитник,117,15
Германия,Laurie White,РБ Лейпциг,вратарь,74,-15
Нидерланды,Sheila Maynard,Фейеноорд,нападающий,78,31
Бразилия,Dennis Huerta,Коринтианс,нападающий,80,43
Нидерланды,Sheena Stone,Аякс,полузащитник,40,30
Россия,Vernon Kennedy,ЦСКА,полузащитник,139,20
Бразилия,Michelle Brooks,Сантос,нападающий,47,50
Италия,Wayne Williams,Ювентус,полузащитник,54,6
Италия,Misty Wilson,Ювентус,защитник,80,9
Нидерланды,Jason Wolfe,Аякс,нападающий,62,35
Англия,Jasmine Young,Челси,защитник,68,6
Португалия,Sandra Collier,Бенфика,защитник,124,2
Россия,Sandra Lam,Зенит,защитник,114,19
Испания,David Scott,Реал Мадрид,защитник,45,5
Португалия,Pamela Jones,Порту,нападающий,56,35
Нидерланды,Brittany Proctor,ПСВ,полузащитник,78,13
Нидерланды,Barbara Fletcher,Фейеноорд,вратарь,132,-41
Франция,Angela Reyes,Лион,полузащитник,57,28
Франция,Crystal Barker,Олимпик Марсель,защитник,55,17
Бразилия,Charles Scott,Палмейрас,нападающий,27,30
Аргентина,James Huynh,Ривер Плейт,полузащитник,107,8
Англия,John Oliver,Ливерпуль,защитник,81,20
Англия,Richard Hernandez,Ливерпуль,полузащитник,117,28
Аргентина,Catherine Brown,Ривер Плейт,полузащитник,87,24
Италия,Kyle Hammond,Интер,полузащитник,86,5
Франция,Crystal Patterson,ПСЖ,защитник,28,12
Бразилия,Diana Mckee,Фламенго,нападающий,25,49
Нидерланды,Lisa Cline,Аякс,защитник,135,12
Аргентина,Amanda Marshall,Бока Хуниорс,полузащитник,117,28
Аргентина,James Campbell,Бока Хуниорс,защитник,94,8
Россия,Sarah Bush,Локомотив,нападающий,16,17
Португалия,Michael Henderson,Порту,нападающий,20,17
Россия,Jeremiah Anderson,ЦСКА,защитник,7,17
Италия,Martin Madden,Милан,полузащитник,68,18
Испания,Robin Phelps,Атлетико Мадрид,нападающий,144,33
Испания,Justin Kirk,Реал Мадрид,нападающий,46,31
Португалия,Tracy Davis,Порту,полузащитник,87,26
Англия,William Camacho,Ливерпуль,защитник,48,16
Россия,Anna Garcia,Краснодар,нападающий,82,47
Бразилия,Carlos Hayes,Фламенго,полузащитник,55,12
Италия,Jessica Rivers,Ювентус,защитник,70,7
Бразилия,Timothy Greene,Фламенго,нападающий,68,18
Испания,Sara Cobb,Реал Мадрид,защитник,68,6
Аргентина,Sherry Gardner,Бока Хуниорс,полузащитник,55,30
Испания,Martin Parks,Реал Мадрид,вратарь,18,-15
Италия,Tammy Phillips,Милан,вратарь,20,-7
Франция,Gregory Bradford,Лион,полузащитник,21,6
Германия,Richard Little,Боруссия Дортмунд,нападающий,148,14
Испания,Jessica Jones,Реал Мадрид,полузащитник,63,19
Франция,Aaron Hurley,Лион,полузащитник,122,9
Испания,Jessica Jones,Барселона,нападающий,130,44
Россия,Dennis Evans,Зенит,нападающий,78,44
Португалия,Kathryn Reyes,Порту,полузащитник,74,24
Бразилия,Lisa Hutchinson,Коринтианс,полузащитник,27,13
Бразилия,Zachary Proctor,Сантос,защитник,76,8
Германия,Gregory Robinson,Боруссия Дортмунд,защитник,22,18
Аргентина,Andrew Bentley,Ривер Плейт,защитник,98,15
Испания,Melissa Bonilla,Атлетико Мадрид,защитник,17,2
Германия,Susan Rose,РБ Лейпциг,нападающий,17,49
Франция,Stephanie Hale,Лион,нападающий,48,42
Франция,Tiffany Mathis,Лион,защитник,118,12
Германия,Mark Greer,Боруссия Дортмунд,нападающий,47,22
Франция,Joseph Copeland,ПСЖ,нападающий,4,14
Италия,Joseph Rodriguez,Ювентус,защитник,98,2
Аргентина,Steven Braun,Ривер Плейт,полузащитник,59,22
Германия,Breanna Fuentes,РБ Лейпциг,защитник,95,14
Германия,Veronica Holmes,Боруссия Дортмунд,нападающий,65,10
Испания,Steven Warren,Реал Мадрид,нападающий,107,28
Германия,Teresa Carter,РБ Лейпциг,нападающий,119,19
Бразилия,Brian Webb,Палмейрас,защитник,84,6
Англия,Connie Conrad,Ливерпуль,полузащитник,132,26
Италия,William Haynes,Интер,полузащитник,72,24
Англия,Tracy Allen,Челси,нападающий,48,28
Испания,Veronica Buck,Атлетико Мадрид,вратарь,136,-35
Аргентина,Theodore James,Бока Хуниорс,нападающий,24,34
Англия,Anthony Taylor,Челси,нападающий,91,15
Испания,Mr. Robert Brown,Барселона,полузащитник,128,12
Нидерланды,Robert Johnson,Фейеноорд,полузащитник,62,14
Германия,Robert King,РБ Лейпциг,защитник,114,1
Италия,Christopher Jenkins,Ювентус,полузащитник,104,22
Испания,Shelley Reynolds MD,Барселона,нападающий,59,29
Франция,Jeffrey Hogan,ПСЖ,полузащитник,11,27
Португалия,Ryan Stanley,Спортинг,полузащитник,99,12
Аргентина,Alexander Hale,Бока Хуниорс,нападающий,87,34
Германия,Nathan Lozano,Бавария,нападающий,146,26
Англия,Michael Powers,Челси,полузащитник,64,21
Франция,Thomas Hoffman,Лион,защитник,49,8
Италия,Luis Bailey,Милан,нападающий,8,38
Англия,Cindy Phillips,Манчестер Юнайтед,защитник,97,9
Аргентина,Michael Yu,Ривер Плейт,защитник,101,10
Португалия,Natasha Walton,Порту,полузащитник,62,18
Италия,Barry Mcmahon,Ювентус,полузащитник,60,22
Бразилия,Terry Higgins,Коринтианс,нападающий,113,45
Англия,Hailey Todd,Челси,полузащитник,41,17
Португалия,Bradley Kemp,Порту,нападающий,68,41
Италия,Jessica Bowman,Милан,полузащитник,91,20
Аргентина,Katrina Williams,Ривер Плейт,защитник,104,4
Россия,Tiffany Carlson,Краснодар,полузащитник,61,20
Франция,Bryan Li,Олимпик Марсель,нападающий,15,46
Россия,Keith Boyd,Зенит,полузащитник,53,29
Португалия,Rebekah Camacho,Бенфика,нападающий,52,45
Нидерланды,Sheryl Martinez,Фейеноорд,полузащитник,131,7
Аргентина,Karen Holder,Ривер Плейт,полузащитник,116,17
Нидерланды,Steven White,Аякс,защитник,83,10
Нидерланды,Shawn Thompson,Аякс,нападающий,86,31
Россия,April Murphy,Краснодар,полузащитник,128,30
Португалия,Erin Swanson,Порту,нападающий,137,23
Англия,Joshua Cannon,Ливерпуль,полузащитник,101,17
Россия,Casey Joseph,Спартак,защитник,69,2
Испания,Zachary Valenzuela,Атлетико Мадрид,полузащитник,110,6
Нидерланды,Paul Banks,Аякс,нападающий,48,36
Англия,Joseph Miller,Челси,защитник,40,8
Италия,Laura Sosa,Милан,защитник,40,13
Россия,Evan Green,ЦСКА,нападающий,31,14
Нидерланды,Lisa Wilson,Фейеноорд,нападающий,29,16
Нидерланды,Terry Green,Аякс,полузащитник,129,22
Англия,Amber Kerr,Ливерпуль,полузащитник,138,14
Англия,Jill Higgins,Манчестер Юнайтед,вратарь,85,-3
Италия,Donna Harris,Милан,защитник,70,13
Франция,Shawn Green,ПСЖ,вратарь,16,-19
Германия,Terry White,РБ Лейпциг,полузащитник,1,11
Италия,Nathaniel Pham,Ювентус,защитник,1,20
Испания,Kyle Wilson,Атлетико Мадрид,защитник,120,3
Нидерланды,Wendy Wagner,Аякс,защитник,137,7
Россия,Gerald Edwards,Локомотив,защитник,48,17
Англия,Erik Anderson,Челси,защитник,132,16
Бразилия,Doris Carter,Фламенго,полузащитник,81,12
Португалия,Mrs. Brandi Mason,Бенфика,защитник,141,14
Нидерланды,Kenneth Pittman MD,Фейеноорд,защитник,115,3
Франция,Tracy Jackson,Олимпик Марсель,полузащитник,109,18
Аргентина,Amber Hale,Ривер Плейт,вратарь,107,-32
Бразилия,Carolyn Walters,Сантос,нападающий,121,49
Португалия,Scott Greene,Бенфика,защитник,149,8
Испания,Amanda King,Барселона,полузащитник,3,10
Россия,Ashley Shaffer,Краснодар,защитник,19,9
Россия,Ryan Woods,ЦСКА,защитник,146,19
Германия,James Medina,Бавария,защитник,123,18
Испания,Jill Barber,Атлетико Мадрид,защитник,50,4
Аргентина,Jennifer Moore,Бока Хуниорс,вратарь,38,-19
Италия,Charles Curry,Интер,защитник,107,18
Бразилия,Christopher Santana II,Сантос,вратарь,117,-40
Португалия,Angela Krause,Порту,защитник,134,0
Бразилия,Joseph Schneider,Палмейрас,защитник,80,3
Португалия,Pamela Watson,Бенфика,вратарь,135,-26
Россия,Dr. Terri Cooper,Зенит,вратарь,60,-8
Португалия,Johnathan Hayes,Спортинг,защитник,115,11
Италия,Charles Tran,Интер,нападающий,29,28
Нидерланды,Dana Cox,Аякс,нападающий,74,30
Россия,Benjamin Green,Локомотив,полузащитник,55,18
Россия,Shelia Ochoa,Спартак,нападающий,45,36
Германия,Nicole Bonilla,Бавария,защитник,101,6
Бразилия,Amanda Jones,Фламенго,защитник,141,16
Нидерланды,Sandy Gonzalez,Аякс,полузащитник,4,27
Италия,Jasmine Day DVM,Интер,нападающий,19,43
Россия,Amanda Pineda,ЦСКА,защитник,123,5
Италия,Lisa Moon,Интер,защитник,52,8
Россия,Heather Hill,Спартак,полузащитник,28,24
Аргентина,Heather Bell,Ривер Плейт,защитник,133,0
Англия,Brenda Martin,Ливерпуль,нападающий,19,31
Бразилия,Henry Butler,Коринтианс,полузащитник,130,10
Россия,Melissa Daniel,Краснодар,полузащитник,89,6
Россия,Scott Reyes,ЦСКА,защитник,36,19
Франция,Gloria Simpson,Лион,полузащитник,58,5
Аргентина,Ronald Nguyen,Бока Хуниорс,полузащитник,41,24
Франция,Mr. Mike Zhang,Олимпик Марсель,вратарь,31,-2
Нидерланды,Nicole Barnett,ПСВ,полузащитник,148,19
Португалия,Mark Dillon,Порту,вратарь,103,-22
Испания,Carla Mendoza,Барселона,нападающий,118,41
Франция,Christopher Fisher,ПСЖ,полузащитник,14,26
Франция,Cristina Sanders,Лион,защитник,37,5
Италия,Taylor Cole,Ювентус,нападающий,100,38
Бразилия,Hannah Smith,Коринтианс,нападающий,145,13
Италия,Sara Waters,Ювентус,защитник,122,19
Бразилия,Adam Camacho,Коринтианс,полузащитник,11,25
Россия,Matthew Nichols,Локомотив,полузащитник,25,15
Бразилия,Jennifer Morse,Коринтианс,полузащитник,12,12
Россия,William Soto,Зенит,защитник,110,6
Бразилия,Danielle Schmidt,Палмейрас,нападающий,5,10
Испания,Jon Wright,Атлетико Мадрид,полузащитник,13,20
Португалия,Jennifer Perry,Бенфика,защитник,95,5
Испания,Tanner Parks,Барселона,защитник,82,17
Аргентина,John Collins,Ривер Плейт,защитник,38,9
Аргентина,Ryan Matthews,Бока Хуниорс,вратарь,28,-24
Россия,Leslie Young,ЦСКА,нападающий,41,29
Россия,Beth Rodriguez,Спартак,полузащитник,42,6
Нидерланды,Natasha Hernandez,Аякс,защитник,16,4
Россия,Derrick Thomas,Зенит,вратарь,56,-12
Германия,Thomas King,Бавария,защитник,75,4
Россия,John Richardson,Спартак,защитник,128,14
Италия,Charles Wolfe,Ювентус,полузащитник,140,16
Италия,Gregory Lopez,Интер,полузащитник,149,20
Франция,Christopher Brown,Олимпик Марсель,нападающий,22,35
Франция,Mary Norris,Лион,полузащитник,48,22
Бразилия,Kimberly Hamilton,Палмейрас,защитник,132,2
Англия,Debra Buckley,Манчестер Юнайтед,полузащитник,68,11
Англия,Jonathan Peck,Челси,защитник,99,3
Аргентина,Nicole Thompson,Бока Хуниорс,вратарь,2,-38
Англия,Matthew Mcdonald,Манчестер Юнайтед,защитник,129,17
Испания,Sean Decker,Барселона,защитник,13,1
Италия,Vincent Briggs,Милан,защитник,103,13
Италия,Lauren Sandoval,Милан,полузащитник,74,30
Нидерланды,Kathryn Butler,ПСВ,нападающий,29,48
Германия,Cole Taylor,Бавария,нападающий,13,48
Россия,Joseph Adams,Локомотив,полузащитник,112,17
Бразилия,Micheal Smith,Фламенго,нападающий,100,40
Португалия,Adam Moore,Спортинг,полузащитник,83,20
Нидерланды,Katherine Glover,ПСВ,полузащитник,127,20
Германия,Megan Johnson,РБ Лейпциг,защитник,84,1
Россия,Brooke Monroe,ЦСКА,полузащитник,65,21
Нидерланды,Kiara Rivera,Фейеноорд,нападающий,143,16
Германия,Cody Garrett,РБ Лейпциг,защитник,73,6
Бразилия,Rebecca Preston,Сантос,полузащитник,80,16
Англия,Sierra Fuentes,Ливерпуль,полузащитник,37,8
Испания,Maurice Carson,Реал Мадрид,полузащитник,121,12
Испания,Robert Wells,Барселона,защитник,129,15
Португалия,Jonathan Keith,Спортинг,нападающий,148,38
Аргентина,Marie Larson,Бока Хуниорс,защитник,42,5
Португалия,Michael Mack,Спортинг,полузащитник,38,25
Португалия,Courtney Mejia,Бенфика,полузащитник,115,10
Франция,Cody Peters,Лион,полузащитник,32,26
Испания,Christopher Zimmerman,Реал Мадрид,вратарь,26,-40
Франция,William Anderson,Олимпик Марсель,вратарь,38,-9
Аргентина,Renee Foster,Бока Хуниорс,нападающий,62,18
Бразилия,Jeffrey Smith,Сантос,защитник,68,14
Германия,Samuel Holden,Боруссия Дортмунд,защитник,135,11
Бразилия,John Baker,Палмейрас,полузащитник,71,19
Италия,Theresa Stone,Милан,защитник,109,0
Россия,Donald Chen,Краснодар,полузащитник,62,21
Германия,Carrie Cruz,Боруссия Дортмунд,защитник,25,9
Германия,Zachary Perez,Бавария,защитник,90,6
Нидерланды,Allison Clay,ПСВ,полузащитник,40,24
Бразилия,Nicolas Jones,Коринтианс,вратарь,56,0
Англия,Lori Jackson,Ливерпуль,нападающий,70,41
Англия,Stephen Rodriguez,Ливерпуль,защитник,24,4
Испания,Kevin Gray,Атлетико Мадрид,защитник,102,20
Португалия,Benjamin Wright,Спортинг,полузащитник,4,6
Аргентина,Tammie White,Бока Хуниорс,защитник,128,3
Россия,Anthony Olsen,Спартак,полузащитник,33,9
Англия,Michael Johnson,Челси,нападающий,42,18
Бразилия,Steven Patrick,Коринтианс,защитник,22,9
Англия,Ryan Schmidt,Ливерпуль,вратарь,115,-15
Португалия,Kent Garcia,Бенфика,нападающий,15,36
Бразилия,Todd Jordan,Сантос,защитник,63,0
Нидерланды,Michael Burch,Аякс,нападающий,44,46
Франция,Marc Mcmillan,Олимпик Марсель,нападающий,119,31
Франция,Philip Brown,Лион,нападающий,40,35
Россия,Gregg Klein,Зенит,нападающий,61,49
Россия,Barbara Mitchell,Зенит,вратарь,93,-28
Англия,Emily Peck,Ливерпуль,нападающий,43,49
Португалия,Charles Davidson,Порту,нападающий,139,24
Португалия,Katelyn Moore,Бенфика,нападающий,8,44
Англия,Joshua Kennedy,Манчестер Юнайтед,полузащитник,42,21
Испания,Lori Cummings,Барселона,полузащитник,36,28
Италия,James Thomas,Милан,полузащитник,143,14
Россия,Donna Ferguson,Спартак,полузащитник,61,19
Нидерланды,Samuel Mccoy,ПСВ,полузащитник,64,18
Испания,Matthew Nunez,Реал Мадрид,полузащитник,73,15
Португалия,Martin Jordan,Порту,полузащитник,86,14
Португалия,Amber Sullivan,Бенфика,нападающий,35,29
Италия,Paul Jones,Интер,нападающий,81,35
Испания,Richard Hayden,Реал Мадрид,вратарь,41,-23
Аргентина,Brian Evans,Бока Хуниорс,нападающий,146,35
Италия,Hannah Turner,Ювентус,вратарь,59,-43
Италия,Jenna Carrillo,Милан,вратарь,79,-1
Бразилия,Kelly Green,Палмейрас,защитник,144,10
Германия,Carolyn Reyes,Бавария,защитник,4,3
Италия,Richard Thompson,Милан,вратарь,63,-33
Бразилия,Mr. Jared Hartman MD,Палмейрас,полузащитник,124,29
Франция,Jennifer Allison,Лион,нападающий,148,28
Испания,Katherine Curry,Реал Мадрид,защитник,131,4
Англия,Katelyn Goodman,Ливерпуль,нападающий,146,48
Португалия,Lisa Pierce,Порту,полузащитник,99,17
Франция,Karen Hunt,ПСЖ,защитник,21,6
Италия,Jeffrey Bennett,Интер,защитник,75,8
Аргентина,Mr. James Rivas Jr.,Бока Хуниорс,защитник,90,4
Италия,Jonathan Farmer,Ювентус,полузащитник,81,14
Россия,Harold Lamb,ЦСКА,защитник,6,0
Бразилия,Sandra Ho,Сантос,нападающий,58,16
Нидерланды,Ashley Brennan,Аякс,полузащитник,117,28
Германия,Mike Ingram,Бавария,вратарь,37,-41
Россия,Mackenzie Lewis,ЦСКА,нападающий,91,36
Италия,Christina Wilson,Милан,защитник,23,15
Англия,Alison Flores,Челси,защитник,6,19
Бразилия,Michael Dyer,Коринтианс,нападающий,47,41
Нидерланды,Matthew Strickland,Аякс,защитник,56,10
Аргентина,Eric Smith,Ривер Плейт,вратарь,1,-8
Англия,Lauren Reed,Манчестер Юнайтед,защитник,57,1
Португалия,Grace Pierce PhD,Порту,полузащитник,108,11
Германия,Jaime Holmes,РБ Лейпциг,защитник,55,8
Франция,Melissa Wells,Олимпик Марсель,полузащитник,140,18
Франция,Ashley Barnes,Олимпик Марсель,защитник,133,20
Нидерланды,John Hughes,Аякс,полузащитник,32,27
Германия,Robert Crawford,Боруссия Дортмунд,полузащитник,67,21
Англия,Michael Anderson,Челси,полузащитник,47,20
Россия,Matthew Garcia,Локомотив,нападающий,17,19
Бразилия,Michelle Mercado,Сантос,нападающий,57,10
Франция,Alyssa Perry,ПСЖ,защитник,5,19
Португалия,Tiffany Wheeler DVM,Спортинг,защитник,16,0
Испания,Lisa Smith,Реал Мадрид,защитник,110,11
Испания,Kristina Barker,Барселона,защитник,84,0
Россия,Savannah Taylor,ЦСКА,нападающий,15,38
Португалия,Michaela Odom,Бенфика,полузащитник,26,9
Испания,Dominique Gray,Барселона,полузащитник,68,15
Аргентина,Alicia Simon,Ривер Плейт,защитник,60,14
Бразилия,Joseph Serrano,Палмейрас,защитник,109,8
Аргентина,Ashley Hendricks,Бока Хуниорс,нападающий,99,34
Франция,Renee Haynes,Лион,полузащитник,38,28
Англия,Steven Perez,Ливерпуль,вратарь,70,-15
Италия,Richard Smith,Ювентус,полузащитник,137,30
Бразилия,Melissa Burgess,Сантос,вратарь,59,-29
Англия,Margaret Valdez,Ливерпуль,полузащитник,42,7
Италия,Jason Byrd,Интер,нападающий,12,47
Италия,Joy Estes,Милан,полузащитник,68,10
Аргентина,Noah Tran,Бока Хуниорс,нападающий,58,24
Бразилия,David Shaw,Фламенго,полузащитник,37,17
Испания,Frank Scott,Реал Мадрид,полузащитник,86,13
Италия,Steven Bauer MD,Ювентус,полузащитник,1,8
Испания,Allison Soto,Реал Мадрид,защитник,2,9
Германия,David Wilkins,Бавария,нападающий,25,43
Нидерланды,Dawn Benton,ПСВ,вратарь,100,-23
Испания,Jason Williams,Атлетико Мадрид,нападающий,11,46
Нидерланды,Cole Grant,Фейеноорд,защитник,31,9
Франция,Aaron Harris,ПСЖ,вратарь,89,-23
Бразилия,Joshua Mosley,Фламенго,защитник,97,19
Англия,Kristine Wilson,Манчестер Юнайтед,вратарь,99,-31
Франция,Timothy Meyer,Олимпик Марсель,вратарь,69,-20
Россия,William Kaufman,Краснодар,защитник,78,13
Испания,Glenda Thompson,Реал Мадрид,нападающий,29,28
Россия,Timothy Weaver,Спартак,полузащитник,145,12
Франция,Emily Bennett,Лион,вратарь,99,-32
Португалия,Mr. Robert Pruitt,Бенфика,нападающий,48,44
Испания,Dr. Robert Owens PhD,Атлетико Мадрид,нападающий,61,44
Бразилия,Jacqueline English,Фламенго,нападающий,2,28
Италия,Melinda Spencer,Ювентус,защитник,6,15
Италия,Michael Navarro,Ювентус,защитник,61,16
Россия,Arthur Ramsey,Локомотив,защитник,4,12
Португалия,Timothy Conley,Спортинг,защитник,53,9
Нидерланды,Caleb Watson,Аякс,нападающий,70,10
Нидерланды,Lori Woods,Фейеноорд,нападающий,65,19
Италия,Nicholas Murphy,Интер,нападающий,64,35
Испания,Marissa Hernandez,Реал Мадрид,защитник,29,15
Россия,Carla Hurst,Зенит,защитник,75,11
Нидерланды,Richard Williams,Аякс,полузащитник,14,7
Португалия,Jim Nash,Порту,защитник,56,20
Испания,Melanie Johnson,Реал Мадрид,вратарь,7,-44
Бразилия,Mary Rice,Фламенго,полузащитник,84,19
Аргентина,Carl Phillips,Ривер Плейт,защитник,146,5
Франция,Joshua Gordon,Лион,полузащитник,117,28
Франция,Beth Walker,Олимпик Марсель,защитник,26,15
Франция,Kevin York,ПСЖ,нападающий,145,50
Италия,Melissa Edwards,Милан,защитник,54,5
Испания,Andre Bauer,Барселона,нападающий,67,41
Нидерланды,James Williams,ПСВ,нападающий,20,50
Англия,Kristin Lopez,Челси,вратарь,131,-50
Бразилия,Jennifer Tucker,Коринтианс,нападающий,119,32
Португалия,Kevin Fox,Бенфика,защитник,137,16
Англия,William Salazar,Челси,защитник,131,10
Испания,Brian Stone,Атлетико Мадрид,полузащитник,64,25
Россия,Annette Cox,Зенит,защитник,40,10
Германия,William Bryan,РБ Лейпциг,защитник,101,9
Англия,Gregory Cortez,Манчестер Юнайтед,вратарь,55,-3
Англия,Devin Palmer,Ливерпуль,нападающий,76,29
Германия,Phillip West,Бавария,защитник,27,2
Германия,Danielle Gutierrez,Боруссия Дортмунд,защитник,60,7
Бразилия,Andrew Rogers,Сантос,защитник,98,5
Россия,Jeanette Valenzuela,ЦСКА,защитник,36,10
Аргентина,Joseph Harvey,Ривер Плейт,защитник,70,5
Португалия,Joseph Wilson,Бенфика,нападающий,57,15
Португалия,Paige Martinez,Спортинг,защитник,134,14
Россия,Cristina Salinas,Спартак,защитник,82,4
Франция,Ashley Rodriguez,Лион,нападающий,72,46
Бразилия,Jennifer Thomas,Коринтианс,полузащитник,74,12
Испания,Adam Estrada,Атлетико Мадрид,защитник,69,5
Франция,Robert Robertson,Олимпик Марсель,защитник,131,0
Англия,James Tran,Челси,нападающий,135,21
Англия,Nicole Harrison,Манчестер Юнайтед,защитник,38,11
Португалия,Anthony Johns,Порту,нападающий,43,23
Англия,Christopher Davis PhD,Ливерпуль,нападающий,62,39
Нидерланды,Kimberly Martinez,Фейеноорд,защитник,3,3
Франция,Anita Kelley,Олимпик Марсель,нападающий,34,10
Бразилия,Kathleen Keith,Палмейрас,полузащитник,28,30
Испания,Lacey Drake,Барселона,вратарь,76,-25
Англия,Tabitha Tucker,Челси,защитник,51,16
Германия,Tony Alexander,РБ Лейпциг,нападающий,143,14
Германия,Virginia Garner,РБ Лейпциг,нападающий,48,33
Франция,Mrs. Mariah Arias,Лион,вратарь,20,-42
Аргентина,Kristina Chapman,Ривер Плейт,защитник,135,20
Нидерланды,Suzanne Cameron,Фейеноорд,полузащитник,60,28
Испания,Mr. Edwin Garcia,Реал Мадрид,нападающий,141,10
Бразилия,Carolyn Oconnor,Коринтианс,защитник,58,1
Бразилия,Julie Nelson,Сантос,защитник,78,7
Германия,Cynthia Martin,РБ Лейпциг,полузащитник,110,7
Англия,Jeff Armstrong,Ливерпуль,полузащитник,42,14
Португалия,Margaret Clark,Порту,вратарь,50,-21
Нидерланды,Jordan Fisher,Фейеноорд,нападающий,90,12
Испания,Timothy Weber,Атлетико Мадрид,полузащитник,117,5
Нидерланды,Megan Jordan,ПСВ,нападающий,60,44
Португалия,Krystal Carter,Бенфика,полузащитник,34,19
Франция,Jamie Brown,Лион,полузащитник,122,26
Англия,Fernando Wilson,Челси,защитник,86,17
Россия,Jared James,Краснодар,вратарь,102,-25
Россия,Veronica Knox,Краснодар,нападающий,70,38
Бразилия,Nathaniel Williams,Фламенго,нападающий,115,39
Нидерланды,Jessica Jones,Аякс,защитник,64,20
Франция,Mr. Zachary Anthony,Лион,полузащитник,21,18
Бразилия,Jeffrey White,Коринтианс,полузащитник,59,18
Нидерланды,Brian Burgess,ПСВ,нападающий,107,31
Нидерланды,Gabriel Smith,Фейеноорд,нападающий,32,20
Португалия,Cody Tran,Порту,полузащитник,100,23
Германия,Karen Palmer,Бавария,полузащитник,107,24
Португалия,Peter Singh,Спортинг,вратарь,114,-31
Франция,Suzanne Torres,Олимпик Марсель,полузащитник,86,24
Англия,Cristina Cooper,Ливерпуль,нападающий,112,42
Нидерланды,Jasmine Smith,Аякс,полузащитник,136,8
Португалия,Deborah Harris,Бенфика,полузащитник,74,17
Россия,Andrew Perez,Локомотив,вратарь,43,-39
Германия,Robert Brown,РБ Лейпциг,полузащитник,38,7
Португалия,Willie Lee,Порту,защитник,113,20
Англия,Laura Smith,Челси,полузащитник,92,11
Германия,Joanna Smith,Боруссия Дортмунд,нападающий,100,31
Бразилия,Stephen Jones,Коринтианс,нападающий,73,20
Франция,Dawn Galvan,Лион,защитник,115,0
Франция,Meghan Rivera,Олимпик Марсель,защитник,140,16
Россия,Brooke Wilson,Локомотив,нападающий,68,39
Аргентина,Justin Cooper,Ривер Плейт,защитник,128,6
Португалия,Megan Parker,Порту,полузащитник,45,26
Бразилия,Kevin Salazar,Фламенго,нападающий,68,15
Россия,Joshua Berger,Зенит,защитник,88,7
Италия,Elijah Myers,Ювентус,защитник,101,9
Аргентина,Lauren Bradley,Бока Хуниорс,вратарь,41,-10
Германия,Crystal Sparks,Бавария,нападающий,14,18
Италия,Matthew Howe,Ювентус,защитник,48,16
Испания,Barbara Alexander,Барселона,вратарь,30,-9
Франция,Jessica Thomas,ПСЖ,нападающий,149,46
Франция,Jeremiah Powell,Олимпик Марсель,полузащитник,132,9
Англия,Peter Ortega,Манчестер Юнайтед,нападающий,106,34
Франция,Duane Pierce,Олимпик Марсель,полузащитник,8,5
Италия,Theresa Day,Интер,полузащитник,95,26
Нидерланды,Deborah Maynard,ПСВ,защитник,59,3
Россия,Pamela Perry,Краснодар,вратарь,22,-4
Португалия,Hunter Marks,Спортинг,защитник,70,8
Франция,Caitlin Ramirez,Лион,защитник,121,4
Германия,Lisa Schwartz,Бавария,защитник,100,8
Португалия,Sherry Moody,Порту,защитник,108,4
Нидерланды,Daniel Lopez,Фейеноорд,нападающий,55,17
Нидерланды,Gabriel Fitzgerald,ПСВ,полузащитник,61,9
